{"stat.chestOpened":2,"stat.useItem.minecraft.bow":3,"stat.pickup.minecraft.bone":2,"stat.pickup.terraqueous.flowers_single":5,"stat.leaveGame":1,"stat.pickup.minecraft.arrow":2,"stat.mineBlock.minecraft.yellow_flower":12,"stat.useItem.minecraft.mutton":7,"stat.jump":1112,"stat.swimOneCm":14494,"stat.pickup.minecraft.coal":65,"stat.fallOneCm":27166,"stat.climbOneCm":1389,"stat.drop.minecraft.dye":1,"stat.useItem.minecraft.stone_axe":72,"stat.crouchOneCm":2835,"stat.craftItem.minecraft.chest":1,"stat.pickup.minecraft.dirt":20,"stat.useItem.minecraft.dirt":17,"stat.pickup.minecraft.bow":1,"stat.craftItem.comforts.sleeping_bag":2,"stat.craftingTableInteraction":13,"stat.pickup.minecraft.iron_ore":9,"stat.pickup.minecraft.rotten_flesh":1,"stat.craftItem.minecraft.furnace":1,"stat.craftItem.minecraft.stone_axe":1,"stat.mineBlock.minecraft.leaves2":1,"stat.damageTaken":1345,"stat.pickup.minecraft.leather":9,"stat.mineBlock.zawa.dried_bamboo":1,"stat.entityKilledBy.ed_guard":1,"stat.craftItem.minecraft.stone_pickaxe":1,"stat.mineBlock.minecraft.torch":3,"stat.useItem.minecraft.wooden_pickaxe":14,"stat.killEntity.ed_guard":1,"stat.pickup.minecraft.cobblestone":15,"stat.useItem.zawa.bush_meat_raw":1,"stat.pickup.minecraft.dye":1,"stat.pickup.minecraft.prismarine_crystals":2,"stat.flyOneCm":225948,"stat.pickup.minecraft.bed":2,"tombstone:undead_killed":4,"stat.pickup.minecraft.wheat_seeds":1,"stat.entityKilledBy.Zombie":1,"stat.drop.minecraft.wheat_seeds":1,"stat.drop.zawa.bush_meat_raw":1,"stat.useItem.minecraft.stone_pickaxe":90,"stat.damageDealt":4338,"stat.pickup.zawa.bush_meat_raw":2,"stat.pickup.zawa.dried_bamboo":1,"stat.pickup.minecraft.redstone":1,"stat.mineBlock.minecraft.iron_ore":9,"stat.sleepInBed":3,"stat.timeSinceDeath":34016,"stat.mineBlock.terraqueous.flowers_cluster":1,"stat.mineBlock.minecraft.dirt":15,"stat.craftItem.minecraft.wooden_pickaxe":1,"stat.mineBlock.terraqueous.doodads":12,"stat.pickup.minecraft.mutton":38,"stat.drop.minecraft.cooked_mutton":14,"stat.useItem.minecraft.air":23,"stat.pickup.minecraft.double_plant":1,"stat.walkOneCm":135501,"stat.craftItem.minecraft.bed":2,"stat.pickup.minecraft.stick":1,"stat.drop.tombstone.crafting_ingredient":2,"stat.drop.minecraft.rotten_flesh":1,"stat.pickup.minecraft.crafting_table":5,"stat.useItem.elementaldimensions.portalbase":1,"stat.craftItem.minecraft.crafting_table":1,"stat.furnaceInteraction":7,"stat.mineBlock.minecraft.coal_ore":65,"stat.pickup.terraqueous.item_main":22,"stat.pickup.minecraft.log":11,"stat.mineBlock.minecraft.grass":4,"stat.pickup.minecraft.prismarine":1,"stat.useItem.tombstone.gift":1,"stat.useItem.minecraft.cooked_mutton":11,"stat.pickup.minecraft.furnace":1,"stat.pickup.zawa.large_meat_raw":5,"stat.pickup.tombstone.crafting_ingredient":2,"stat.pickup.zawa.bamboo":3,"stat.drop.terraqueous.flowers_single":4,"stat.sprintOneCm":129363,"stat.drop.minecraft.leather":3,"stat.craftItem.minecraft.stick":12,"stat.craftItem.minecraft.wooden_axe":1,"stat.pickup.tombstone.magic_scroll":1,"stat.killEntity.Skeleton":1,"stat.mineBlock.terraqueous.flowers_single":1,"stat.pickup.elementaldimensions.portalbase":2,"stat.craftItem.minecraft.planks":44,"stat.mineBlock.minecraft.crafting_table":5,"stat.mineBlock.minecraft.prismarine":1,"stat.useItem.zawa.large_meat_raw":1,"stat.drop.comforts.sleeping_bag":1,"stat.mobKills":33,"stat.mineBlock.minecraft.log":11,"stat.deaths":3,"stat.drop.minecraft.prismarine":1,"stat.drop":38,"stat.mineBlock.minecraft.leaves":2,"stat.playOneMinute":59245,"stat.pickup.minecraft.torch":3,"stat.killEntity.Sheep":22,"stat.drop.tombstone.grave_key":2,"stat.pickup.tombstone.grave_key":1,"stat.sneakTime":1171,"stat.pickup.minecraft.wool":24,"stat.drop.terraqueous.item_main":6,"stat.killEntity.Zombie":3,"stat.pickup.zawa.care_guide":2,"stat.mineBlock.elementaldimensions.portalbase":2,"stat.craftItem.minecraft.dye":2,"stat.useItem.minecraft.wooden_axe":34,"stat.pickup.minecraft.yellow_flower":12,"stat.drop.zawa.care_guide":1,"stat.mineBlock.minecraft.stone":15,"stat.mineBlock.minecraft.tallgrass":14,"stat.craftItem.minecraft.cooked_mutton":31,"stat.diveOneCm":11594}