{"stat.walkOneCm":5132,"stat.leaveGame":1,"stat.pickup.terraqueous.item_main":1,"stat.jump":119,"stat.swimOneCm":3144,"stat.fallOneCm":2984,"stat.sprintOneCm":13533,"stat.damageTaken":220,"stat.flyOneCm":36343,"stat.deaths":1,"stat.drop":2,"stat.playOneMinute":8845,"stat.entityKilledBy.Zombie":1,"stat.sneakTime":11,"stat.damageDealt":60,"stat.drop.terraqueous.item_main":1,"stat.pickup.zawa.care_guide":2,"stat.timeSinceDeath":957,"stat.drop.zawa.care_guide":1,"stat.mineBlock.terraqueous.doodads":1,"stat.mineBlock.minecraft.tallgrass":2,"stat.diveOneCm":2025}