{"stat.chestOpened":21,"stat.useItem.minecraft.bow":3,"stat.pickup.minecraft.bone":2,"stat.pickup.minecraft.redstone_torch":4,"stat.useItem.minecraft.stone":6,"stat.pickup.terraqueous.flowers_single":5,"stat.useItem.minecraft.iron_axe":25,"stat.leaveGame":1,"stat.pickup.minecraft.arrow":13,"stat.craftItem.minecraft.cooked_porkchop":10,"stat.drop.minecraft.glowstone_dust":1,"stat.mineBlock.minecraft.cobblestone":17,"stat.pickup.minecraft.stone_axe":1,"stat.mineBlock.minecraft.yellow_flower":12,"stat.craftItem.minecraft.iron_axe":1,"stat.useItem.minecraft.soul_sand":3,"stat.killEntity.Blaze":4,"stat.drop.minecraft.cooked_porkchop":10,"stat.useItem.minecraft.mutton":7,"stat.killEntity.PigZombie":3,"stat.jump":1451,"stat.swimOneCm":23988,"stat.pickup.minecraft.coal":109,"stat.fallOneCm":33193,"stat.climbOneCm":2788,"stat.craftItem.minecraft.shield":1,"stat.drop.minecraft.dye":1,"stat.drop.minecraft.cobblestone":42,"stat.pickup.minecraft.glowstone_dust":1,"stat.useItem.minecraft.stone_axe":141,"stat.crouchOneCm":6716,"stat.craftItem.minecraft.chest":2,"stat.craftItem.minecraft.iron_ingot":46,"stat.craftItem.minecraft.torch":24,"stat.pickup.minecraft.dirt":32,"stat.useItem.minecraft.dirt":22,"stat.craftItem.minecraft.iron_helmet":2,"stat.pickup.minecraft.bow":1,"stat.craftItem.comforts.sleeping_bag":2,"stat.pickup.minecraft.iron_boots":1,"stat.useItem.minecraft.water_bucket":11,"stat.craftingTableInteraction":33,"stat.pickup.minecraft.iron_ore":59,"stat.pickup.minecraft.rotten_flesh":2,"stat.craftItem.minecraft.furnace":2,"stat.craftItem.minecraft.stone_axe":2,"stat.mineBlock.minecraft.leaves2":1,"stat.craftItem.minecraft.iron_boots":2,"stat.damageTaken":3255,"stat.pickup.minecraft.leather":11,"stat.mineBlock.zawa.dried_bamboo":1,"stat.useItem.minecraft.iron_ore":4,"stat.entityKilledBy.ed_guard":1,"stat.craftItem.minecraft.stone_pickaxe":4,"stat.mineBlock.minecraft.torch":6,"stat.useItem.minecraft.wooden_pickaxe":14,"stat.killEntity.ed_guard":1,"stat.pickup.minecraft.cobblestone":135,"stat.useItem.zawa.bush_meat_raw":1,"stat.pickup.minecraft.quartz_stairs":11,"stat.pickup.minecraft.dye":1,"stat.pickup.minecraft.planks":27,"stat.pickup.minecraft.prismarine_crystals":2,"stat.flyOneCm":249905,"stat.pickup.minecraft.bed":2,"stat.pickup.minecraft.soul_sand":4,"tombstone:undead_killed":7,"stat.pickup.minecraft.wheat_seeds":1,"stat.pickup.minecraft.quartz_block":56,"stat.entityKilledBy.Zombie":1,"stat.drop.minecraft.wheat_seeds":1,"stat.drop.zawa.bush_meat_raw":1,"stat.useItem.minecraft.stone_pickaxe":507,"stat.craftItem.minecraft.iron_leggings":1,"stat.damageDealt":7184,"stat.pickup.zawa.bush_meat_raw":2,"stat.pickup.zawa.dried_bamboo":1,"stat.pickup.minecraft.redstone":1,"stat.mineBlock.minecraft.iron_ore":56,"stat.sleepInBed":4,"stat.timeSinceDeath":21734,"stat.mineBlock.terraqueous.flowers_cluster":1,"stat.killEntity.Silverfish":1,"stat.mineBlock.minecraft.dirt":21,"stat.useItem.minecraft.iron_pickaxe":12,"stat.craftItem.minecraft.wooden_pickaxe":1,"stat.mineBlock.terraqueous.doodads":13,"stat.pickup.minecraft.mutton":38,"stat.drop.minecraft.cooked_mutton":14,"stat.useItem.minecraft.air":52,"stat.mineBlock.minecraft.quartz_stairs":11,"stat.mineBlock.minecraft.monster_egg":1,"stat.pickup.minecraft.double_plant":1,"stat.walkOneCm":320435,"stat.craftItem.minecraft.bed":2,"stat.useItem.minecraft.torch":11,"stat.trappedChestTriggered":2,"stat.pickup.minecraft.stick":1,"stat.drop.tombstone.crafting_ingredient":2,"stat.drop.minecraft.rotten_flesh":1,"stat.mineBlock.chisel.marble2":128,"stat.mineBlock.minecraft.vine":2,"stat.pickup.minecraft.crafting_table":9,"stat.useItem.elementaldimensions.portalbase":1,"stat.useItem.minecraft.cobblestone":43,"stat.pickup.minecraft.stonebrick":13,"stat.craftItem.minecraft.crafting_table":2,"stat.furnaceInteraction":38,"stat.mineBlock.minecraft.coal_ore":106,"stat.pickup.terraqueous.item_main":30,"stat.pickup.minecraft.log":16,"stat.mineBlock.minecraft.grass":5,"stat.pickup.minecraft.prismarine":1,"stat.useItem.tombstone.gift":1,"stat.useItem.minecraft.cooked_mutton":27,"stat.pickup.minecraft.furnace":1,"stat.pickup.zawa.large_meat_raw":6,"stat.pickup.tombstone.crafting_ingredient":4,"stat.pickup.zawa.bamboo":3,"stat.pickup.minecraft.stone":21,"stat.drop.minecraft.planks":1,"stat.craftItem.minecraft.iron_chestplate":1,"stat.drop.terraqueous.flowers_single":4,"stat.sprintOneCm":176982,"stat.drop.minecraft.leather":3,"stat.craftItem.minecraft.stick":28,"stat.craftItem.minecraft.wooden_axe":2,"stat.pickup.tombstone.magic_scroll":1,"stat.killEntity.Skeleton":1,"stat.mineBlock.terraqueous.flowers_single":1,"stat.pickup.elementaldimensions.portalbase":2,"stat.craftItem.minecraft.bucket":1,"stat.mineBlock.minecraft.stonebrick":7,"stat.craftItem.minecraft.planks":64,"stat.mineBlock.minecraft.crafting_table":9,"stat.mineBlock.minecraft.prismarine":1,"stat.useItem.zawa.large_meat_raw":6,"stat.mineBlock.minecraft.quartz_block":58,"stat.drop.comforts.sleeping_bag":1,"stat.mobKills":43,"stat.useItem.minecraft.stonebrick":4,"stat.mineBlock.minecraft.log":16,"stat.mineBlock.minecraft.soul_sand":4,"stat.deaths":4,"stat.mineBlock.minecraft.planks":1,"stat.drop.minecraft.prismarine":1,"stat.drop":114,"stat.pickup.minecraft.diamond":1,"stat.mineBlock.minecraft.leaves":2,"stat.playOneMinute":109645,"stat.pickup.minecraft.blaze_rod":1,"stat.pickup.minecraft.torch":6,"stat.killEntity.Sheep":22,"stat.drop.tombstone.grave_key":5,"stat.pickup.minecraft.red_flower":1,"stat.pickup.tombstone.grave_key":4,"stat.sneakTime":2832,"stat.craftItem.minecraft.iron_pickaxe":1,"stat.drop.minecraft.blaze_rod":1,"stat.pickup.minecraft.wool":24,"stat.drop.minecraft.iron_boots":1,"stat.mineBlock.minecraft.cobblestone_wall":1,"stat.drop.terraqueous.item_main":13,"stat.entityKilledBy.Blaze":1,"stat.drop.minecraft.stone_axe":1,"stat.killEntity.Zombie":3,"stat.drop.minecraft.arrow":6,"stat.pickup.zawa.care_guide":2,"stat.mineBlock.elementaldimensions.portalbase":2,"stat.craftItem.minecraft.dye":2,"stat.useItem.minecraft.wooden_axe":34,"stat.drop.minecraft.torch":3,"stat.pickup.minecraft.yellow_flower":36,"stat.drop.zawa.care_guide":1,"stat.mineBlock.minecraft.stone":117,"stat.pickup.chisel.marble2":128,"stat.mineBlock.minecraft.tallgrass":14,"stat.craftItem.minecraft.cooked_mutton":37,"stat.pickup.minecraft.netherrack":1,"stat.diveOneCm":31725,"stat.pickup.minecraft.cooked_mutton":4}