{"stat.chestOpened":1,"stat.useItem.minecraft.air":2,"stat.walkOneCm":24831,"stat.pickup.minecraft.stick":1,"stat.leaveGame":1,"stat.drop.minecraft.rotten_flesh":1,"stat.pickup.minecraft.crafting_table":1,"stat.craftItem.minecraft.crafting_table":1,"stat.pickup.terraqueous.item_main":2,"stat.pickup.minecraft.log":6,"stat.mineBlock.minecraft.grass":2,"stat.jump":243,"stat.swimOneCm":3512,"stat.fallOneCm":5769,"stat.climbOneCm":284,"stat.crouchOneCm":2313,"stat.pickup.minecraft.dirt":17,"stat.useItem.minecraft.dirt":16,"stat.sprintOneCm":29182,"stat.craftItem.minecraft.stick":4,"stat.craftItem.minecraft.wooden_axe":1,"stat.craftingTableInteraction":1,"stat.pickup.minecraft.rotten_flesh":1,"stat.craftItem.minecraft.planks":24,"stat.damageTaken":455,"stat.mineBlock.minecraft.crafting_table":1,"stat.mobKills":2,"stat.mineBlock.minecraft.log":6,"stat.flyOneCm":88310,"stat.deaths":1,"tombstone:undead_killed":2,"stat.drop":5,"stat.mineBlock.minecraft.leaves":2,"stat.playOneMinute":21445,"stat.entityKilledBy.Zombie":1,"stat.drop.tombstone.grave_key":1,"stat.sneakTime":988,"stat.damageDealt":323,"stat.drop.terraqueous.item_main":2,"stat.killEntity.Zombie":2,"stat.pickup.zawa.care_guide":2,"stat.timeSinceDeath":13557,"stat.useItem.minecraft.wooden_axe":1,"stat.drop.zawa.care_guide":1,"stat.mineBlock.minecraft.dirt":15,"stat.mineBlock.terraqueous.doodads":2,"stat.craftItem.minecraft.wooden_pickaxe":1,"stat.mineBlock.minecraft.tallgrass":3,"stat.diveOneCm":2381}