{"stat.chestOpened":1,"stat.useItem.minecraft.bow":2,"stat.pickup.minecraft.bone":2,"stat.pickup.terraqueous.flowers_single":5,"stat.leaveGame":1,"stat.pickup.minecraft.arrow":2,"stat.mineBlock.minecraft.yellow_flower":12,"stat.useItem.minecraft.mutton":5,"stat.jump":844,"stat.swimOneCm":5013,"stat.pickup.minecraft.coal":65,"stat.fallOneCm":21983,"stat.climbOneCm":284,"stat.useItem.minecraft.stone_axe":32,"stat.crouchOneCm":2510,"stat.pickup.minecraft.dirt":19,"stat.useItem.minecraft.dirt":16,"stat.pickup.minecraft.bow":1,"stat.craftItem.comforts.sleeping_bag":2,"stat.craftingTableInteraction":10,"stat.pickup.minecraft.iron_ore":1,"stat.pickup.minecraft.rotten_flesh":1,"stat.craftItem.minecraft.furnace":1,"stat.craftItem.minecraft.stone_axe":1,"stat.damageTaken":1110,"stat.pickup.minecraft.leather":3,"stat.entityKilledBy.ed_guard":1,"stat.craftItem.minecraft.stone_pickaxe":1,"stat.mineBlock.minecraft.torch":2,"stat.useItem.minecraft.wooden_pickaxe":14,"stat.pickup.minecraft.cobblestone":15,"stat.useItem.zawa.bush_meat_raw":1,"stat.flyOneCm":188584,"stat.pickup.minecraft.bed":1,"tombstone:undead_killed":4,"stat.pickup.minecraft.wheat_seeds":1,"stat.entityKilledBy.Zombie":1,"stat.drop.minecraft.wheat_seeds":1,"stat.drop.zawa.bush_meat_raw":1,"stat.useItem.minecraft.stone_pickaxe":68,"stat.damageDealt":3069,"stat.pickup.zawa.bush_meat_raw":2,"stat.mineBlock.minecraft.iron_ore":1,"stat.sleepInBed":2,"stat.timeSinceDeath":21416,"stat.mineBlock.terraqueous.flowers_cluster":1,"stat.mineBlock.minecraft.dirt":15,"stat.craftItem.minecraft.wooden_pickaxe":1,"stat.mineBlock.terraqueous.doodads":2,"stat.pickup.minecraft.mutton":38,"stat.drop.minecraft.cooked_mutton":14,"stat.useItem.minecraft.air":15,"stat.walkOneCm":107266,"stat.craftItem.minecraft.bed":1,"stat.pickup.minecraft.stick":1,"stat.drop.tombstone.crafting_ingredient":1,"stat.drop.minecraft.rotten_flesh":1,"stat.pickup.minecraft.crafting_table":5,"stat.craftItem.minecraft.crafting_table":1,"stat.furnaceInteraction":7,"stat.mineBlock.minecraft.coal_ore":65,"stat.pickup.terraqueous.item_main":3,"stat.pickup.minecraft.log":11,"stat.mineBlock.minecraft.grass":2,"stat.useItem.tombstone.gift":1,"stat.useItem.minecraft.cooked_mutton":7,"stat.pickup.minecraft.furnace":1,"stat.pickup.tombstone.crafting_ingredient":1,"stat.drop.terraqueous.flowers_single":4,"stat.sprintOneCm":85390,"stat.drop.minecraft.leather":3,"stat.craftItem.minecraft.stick":12,"stat.craftItem.minecraft.wooden_axe":1,"stat.pickup.tombstone.magic_scroll":1,"stat.killEntity.Skeleton":1,"stat.mineBlock.terraqueous.flowers_single":1,"stat.craftItem.minecraft.planks":44,"stat.mineBlock.minecraft.crafting_table":5,"stat.drop.comforts.sleeping_bag":1,"stat.mobKills":27,"stat.mineBlock.minecraft.log":11,"stat.deaths":3,"stat.drop":31,"stat.mineBlock.minecraft.leaves":2,"stat.playOneMinute":46645,"stat.pickup.minecraft.torch":2,"stat.killEntity.Sheep":22,"stat.drop.tombstone.grave_key":2,"stat.pickup.tombstone.grave_key":1,"stat.sneakTime":1101,"stat.pickup.minecraft.wool":24,"stat.drop.terraqueous.item_main":2,"stat.killEntity.Zombie":3,"stat.pickup.zawa.care_guide":2,"stat.useItem.minecraft.wooden_axe":34,"stat.pickup.minecraft.yellow_flower":12,"stat.drop.zawa.care_guide":1,"stat.mineBlock.minecraft.stone":15,"stat.mineBlock.minecraft.tallgrass":9,"stat.craftItem.minecraft.cooked_mutton":31,"stat.diveOneCm":5689}