{"stat.chestOpened":5,"stat.useItem.minecraft.bow":3,"stat.pickup.minecraft.bone":2,"stat.useItem.minecraft.stone":1,"stat.pickup.terraqueous.flowers_single":5,"stat.leaveGame":1,"stat.pickup.minecraft.arrow":2,"stat.craftItem.minecraft.cooked_porkchop":10,"stat.drop.minecraft.glowstone_dust":1,"stat.mineBlock.minecraft.yellow_flower":12,"stat.drop.minecraft.cooked_porkchop":5,"stat.useItem.minecraft.mutton":7,"stat.jump":1233,"stat.swimOneCm":17227,"stat.pickup.minecraft.coal":76,"stat.fallOneCm":29562,"stat.climbOneCm":1520,"stat.drop.minecraft.dye":1,"stat.pickup.minecraft.glowstone_dust":1,"stat.useItem.minecraft.stone_axe":81,"stat.crouchOneCm":4936,"stat.craftItem.minecraft.chest":1,"stat.craftItem.minecraft.iron_ingot":4,"stat.pickup.minecraft.dirt":26,"stat.useItem.minecraft.dirt":22,"stat.pickup.minecraft.bow":1,"stat.craftItem.comforts.sleeping_bag":2,"stat.useItem.minecraft.water_bucket":5,"stat.craftingTableInteraction":18,"stat.pickup.minecraft.iron_ore":49,"stat.pickup.minecraft.rotten_flesh":1,"stat.craftItem.minecraft.furnace":2,"stat.craftItem.minecraft.stone_axe":2,"stat.mineBlock.minecraft.leaves2":1,"stat.damageTaken":1395,"stat.pickup.minecraft.leather":11,"stat.mineBlock.zawa.dried_bamboo":1,"stat.entityKilledBy.ed_guard":1,"stat.craftItem.minecraft.stone_pickaxe":3,"stat.mineBlock.minecraft.torch":3,"stat.useItem.minecraft.wooden_pickaxe":14,"stat.killEntity.ed_guard":1,"stat.pickup.minecraft.cobblestone":51,"stat.useItem.zawa.bush_meat_raw":1,"stat.pickup.minecraft.dye":1,"stat.pickup.minecraft.prismarine_crystals":2,"stat.flyOneCm":235034,"stat.pickup.minecraft.bed":2,"tombstone:undead_killed":4,"stat.pickup.minecraft.wheat_seeds":1,"stat.entityKilledBy.Zombie":1,"stat.drop.minecraft.wheat_seeds":1,"stat.drop.zawa.bush_meat_raw":1,"stat.useItem.minecraft.stone_pickaxe":277,"stat.damageDealt":4588,"stat.pickup.zawa.bush_meat_raw":2,"stat.pickup.zawa.dried_bamboo":1,"stat.pickup.minecraft.redstone":1,"stat.mineBlock.minecraft.iron_ore":49,"stat.sleepInBed":3,"stat.timeSinceDeath":46616,"stat.mineBlock.terraqueous.flowers_cluster":1,"stat.mineBlock.minecraft.dirt":20,"stat.craftItem.minecraft.wooden_pickaxe":1,"stat.mineBlock.terraqueous.doodads":13,"stat.pickup.minecraft.mutton":38,"stat.drop.minecraft.cooked_mutton":14,"stat.useItem.minecraft.air":33,"stat.pickup.minecraft.double_plant":1,"stat.walkOneCm":157915,"stat.craftItem.minecraft.bed":2,"stat.pickup.minecraft.stick":1,"stat.drop.tombstone.crafting_ingredient":2,"stat.drop.minecraft.rotten_flesh":1,"stat.mineBlock.chisel.marble2":104,"stat.pickup.minecraft.crafting_table":8,"stat.useItem.elementaldimensions.portalbase":1,"stat.useItem.minecraft.cobblestone":12,"stat.craftItem.minecraft.crafting_table":1,"stat.furnaceInteraction":14,"stat.mineBlock.minecraft.coal_ore":76,"stat.pickup.terraqueous.item_main":23,"stat.pickup.minecraft.log":16,"stat.mineBlock.minecraft.grass":5,"stat.pickup.minecraft.prismarine":1,"stat.useItem.tombstone.gift":1,"stat.useItem.minecraft.cooked_mutton":11,"stat.pickup.minecraft.furnace":1,"stat.pickup.zawa.large_meat_raw":6,"stat.pickup.tombstone.crafting_ingredient":2,"stat.pickup.zawa.bamboo":3,"stat.pickup.minecraft.stone":4,"stat.drop.terraqueous.flowers_single":4,"stat.sprintOneCm":139193,"stat.drop.minecraft.leather":3,"stat.craftItem.minecraft.stick":16,"stat.craftItem.minecraft.wooden_axe":2,"stat.pickup.tombstone.magic_scroll":1,"stat.killEntity.Skeleton":1,"stat.mineBlock.terraqueous.flowers_single":1,"stat.pickup.elementaldimensions.portalbase":2,"stat.craftItem.minecraft.bucket":1,"stat.craftItem.minecraft.planks":64,"stat.mineBlock.minecraft.crafting_table":8,"stat.mineBlock.minecraft.prismarine":1,"stat.useItem.zawa.large_meat_raw":1,"stat.drop.comforts.sleeping_bag":1,"stat.mobKills":34,"stat.mineBlock.minecraft.log":16,"stat.deaths":3,"stat.drop.minecraft.prismarine":1,"stat.drop":47,"stat.mineBlock.minecraft.leaves":2,"stat.playOneMinute":71845,"stat.pickup.minecraft.torch":3,"stat.killEntity.Sheep":22,"stat.drop.tombstone.grave_key":2,"stat.pickup.tombstone.grave_key":1,"stat.sneakTime":2140,"stat.pickup.minecraft.wool":24,"stat.drop.terraqueous.item_main":9,"stat.killEntity.Zombie":3,"stat.pickup.zawa.care_guide":2,"stat.mineBlock.elementaldimensions.portalbase":2,"stat.craftItem.minecraft.dye":2,"stat.useItem.minecraft.wooden_axe":34,"stat.pickup.minecraft.yellow_flower":12,"stat.drop.zawa.care_guide":1,"stat.mineBlock.minecraft.stone":48,"stat.pickup.chisel.marble2":104,"stat.mineBlock.minecraft.tallgrass":14,"stat.craftItem.minecraft.cooked_mutton":31,"stat.diveOneCm":20489}