{"stat.chestOpened":1,"stat.useItem.minecraft.air":8,"stat.walkOneCm":68830,"stat.craftItem.minecraft.bed":1,"stat.pickup.minecraft.stick":1,"stat.drop.tombstone.crafting_ingredient":1,"stat.leaveGame":1,"stat.drop.minecraft.rotten_flesh":1,"stat.pickup.minecraft.crafting_table":4,"stat.craftItem.minecraft.crafting_table":1,"stat.pickup.terraqueous.item_main":3,"stat.pickup.minecraft.log":11,"stat.mineBlock.minecraft.grass":2,"stat.jump":572,"stat.swimOneCm":4813,"stat.fallOneCm":13182,"stat.climbOneCm":284,"stat.useItem.tombstone.gift":1,"stat.crouchOneCm":2313,"stat.pickup.minecraft.dirt":17,"stat.useItem.minecraft.dirt":16,"stat.sprintOneCm":56502,"stat.drop.minecraft.leather":3,"stat.craftItem.comforts.sleeping_bag":1,"stat.craftItem.minecraft.stick":12,"stat.craftItem.minecraft.wooden_axe":1,"stat.craftingTableInteraction":6,"stat.pickup.minecraft.rotten_flesh":1,"stat.craftItem.minecraft.furnace":1,"stat.craftItem.minecraft.planks":44,"stat.craftItem.minecraft.stone_axe":1,"stat.damageTaken":745,"stat.mineBlock.minecraft.crafting_table":4,"stat.pickup.minecraft.leather":3,"stat.entityKilledBy.ed_guard":1,"stat.craftItem.minecraft.stone_pickaxe":1,"stat.mineBlock.minecraft.torch":1,"stat.useItem.minecraft.wooden_pickaxe":14,"stat.drop.comforts.sleeping_bag":1,"stat.mobKills":15,"stat.pickup.minecraft.cobblestone":14,"stat.useItem.zawa.bush_meat_raw":1,"stat.mineBlock.minecraft.log":11,"stat.flyOneCm":128853,"stat.pickup.minecraft.bed":1,"stat.deaths":3,"tombstone:undead_killed":2,"stat.drop":13,"stat.pickup.minecraft.wheat_seeds":1,"stat.mineBlock.minecraft.leaves":2,"stat.playOneMinute":34045,"stat.entityKilledBy.Zombie":1,"stat.drop.minecraft.wheat_seeds":1,"stat.drop.zawa.bush_meat_raw":1,"stat.pickup.minecraft.torch":1,"stat.drop.tombstone.grave_key":2,"stat.killEntity.Sheep":12,"stat.pickup.tombstone.grave_key":1,"stat.sneakTime":992,"stat.pickup.minecraft.wool":15,"stat.damageDealt":1788,"stat.drop.terraqueous.item_main":2,"stat.pickup.zawa.bush_meat_raw":2,"stat.killEntity.Zombie":2,"stat.sleepInBed":1,"stat.pickup.zawa.care_guide":2,"stat.timeSinceDeath":8816,"stat.useItem.minecraft.wooden_axe":29,"stat.drop.zawa.care_guide":1,"stat.mineBlock.minecraft.dirt":15,"stat.mineBlock.terraqueous.doodads":2,"stat.craftItem.minecraft.wooden_pickaxe":1,"stat.mineBlock.minecraft.stone":14,"stat.mineBlock.minecraft.tallgrass":7,"stat.diveOneCm":4316,"stat.pickup.minecraft.mutton":23}