{"stat.chestOpened":21,"stat.useItem.minecraft.bow":3,"stat.pickup.minecraft.bone":2,"stat.pickup.minecraft.redstone_torch":4,"stat.useItem.minecraft.stone":5,"stat.pickup.terraqueous.flowers_single":5,"stat.leaveGame":1,"stat.pickup.minecraft.arrow":13,"stat.craftItem.minecraft.cooked_porkchop":10,"stat.drop.minecraft.glowstone_dust":1,"stat.mineBlock.minecraft.cobblestone":9,"stat.mineBlock.minecraft.yellow_flower":12,"stat.craftItem.minecraft.iron_axe":1,"stat.drop.minecraft.cooked_porkchop":10,"stat.useItem.minecraft.mutton":7,"stat.killEntity.PigZombie":1,"stat.jump":1389,"stat.swimOneCm":23036,"stat.pickup.minecraft.coal":106,"stat.fallOneCm":33193,"stat.climbOneCm":2788,"stat.craftItem.minecraft.shield":1,"stat.drop.minecraft.dye":1,"stat.drop.minecraft.cobblestone":42,"stat.pickup.minecraft.glowstone_dust":1,"stat.useItem.minecraft.stone_axe":93,"stat.crouchOneCm":6701,"stat.craftItem.minecraft.chest":2,"stat.craftItem.minecraft.iron_ingot":46,"stat.craftItem.minecraft.torch":24,"stat.pickup.minecraft.dirt":32,"stat.useItem.minecraft.dirt":22,"stat.craftItem.minecraft.iron_helmet":2,"stat.pickup.minecraft.bow":1,"stat.craftItem.comforts.sleeping_bag":2,"stat.pickup.minecraft.iron_boots":1,"stat.useItem.minecraft.water_bucket":11,"stat.craftingTableInteraction":33,"stat.pickup.minecraft.iron_ore":57,"stat.pickup.minecraft.rotten_flesh":2,"stat.craftItem.minecraft.furnace":2,"stat.craftItem.minecraft.stone_axe":2,"stat.mineBlock.minecraft.leaves2":1,"stat.craftItem.minecraft.iron_boots":2,"stat.damageTaken":2172,"stat.pickup.minecraft.leather":11,"stat.mineBlock.zawa.dried_bamboo":1,"stat.entityKilledBy.ed_guard":1,"stat.craftItem.minecraft.stone_pickaxe":4,"stat.mineBlock.minecraft.torch":4,"stat.useItem.minecraft.wooden_pickaxe":14,"stat.killEntity.ed_guard":1,"stat.pickup.minecraft.cobblestone":111,"stat.useItem.zawa.bush_meat_raw":1,"stat.pickup.minecraft.quartz_stairs":11,"stat.pickup.minecraft.dye":1,"stat.pickup.minecraft.planks":25,"stat.pickup.minecraft.prismarine_crystals":2,"stat.flyOneCm":246861,"stat.pickup.minecraft.bed":2,"tombstone:undead_killed":5,"stat.pickup.minecraft.wheat_seeds":1,"stat.pickup.minecraft.quartz_block":56,"stat.entityKilledBy.Zombie":1,"stat.drop.minecraft.wheat_seeds":1,"stat.drop.zawa.bush_meat_raw":1,"stat.useItem.minecraft.stone_pickaxe":464,"stat.craftItem.minecraft.iron_leggings":1,"stat.damageDealt":5156,"stat.pickup.zawa.bush_meat_raw":2,"stat.pickup.zawa.dried_bamboo":1,"stat.pickup.minecraft.redstone":1,"stat.mineBlock.minecraft.iron_ore":54,"stat.sleepInBed":4,"stat.timeSinceDeath":9134,"stat.mineBlock.terraqueous.flowers_cluster":1,"stat.killEntity.Silverfish":1,"stat.mineBlock.minecraft.dirt":21,"stat.useItem.minecraft.iron_pickaxe":6,"stat.craftItem.minecraft.wooden_pickaxe":1,"stat.mineBlock.terraqueous.doodads":13,"stat.pickup.minecraft.mutton":38,"stat.drop.minecraft.cooked_mutton":14,"stat.useItem.minecraft.air":44,"stat.mineBlock.minecraft.quartz_stairs":11,"stat.mineBlock.minecraft.monster_egg":1,"stat.pickup.minecraft.double_plant":1,"stat.walkOneCm":240584,"stat.craftItem.minecraft.bed":2,"stat.useItem.minecraft.torch":3,"stat.trappedChestTriggered":2,"stat.pickup.minecraft.stick":1,"stat.drop.tombstone.crafting_ingredient":2,"stat.drop.minecraft.rotten_flesh":1,"stat.mineBlock.chisel.marble2":128,"stat.mineBlock.minecraft.vine":2,"stat.pickup.minecraft.crafting_table":9,"stat.useItem.elementaldimensions.portalbase":1,"stat.useItem.minecraft.cobblestone":22,"stat.pickup.minecraft.stonebrick":9,"stat.craftItem.minecraft.crafting_table":2,"stat.furnaceInteraction":37,"stat.mineBlock.minecraft.coal_ore":103,"stat.pickup.terraqueous.item_main":24,"stat.pickup.minecraft.log":16,"stat.mineBlock.minecraft.grass":5,"stat.pickup.minecraft.prismarine":1,"stat.useItem.tombstone.gift":1,"stat.useItem.minecraft.cooked_mutton":13,"stat.pickup.minecraft.furnace":1,"stat.pickup.zawa.large_meat_raw":6,"stat.pickup.tombstone.crafting_ingredient":2,"stat.pickup.zawa.bamboo":3,"stat.pickup.minecraft.stone":10,"stat.drop.minecraft.planks":1,"stat.craftItem.minecraft.iron_chestplate":1,"stat.drop.terraqueous.flowers_single":4,"stat.sprintOneCm":168058,"stat.drop.minecraft.leather":3,"stat.craftItem.minecraft.stick":28,"stat.craftItem.minecraft.wooden_axe":2,"stat.pickup.tombstone.magic_scroll":1,"stat.killEntity.Skeleton":1,"stat.mineBlock.terraqueous.flowers_single":1,"stat.pickup.elementaldimensions.portalbase":2,"stat.craftItem.minecraft.bucket":1,"stat.mineBlock.minecraft.stonebrick":3,"stat.craftItem.minecraft.planks":64,"stat.mineBlock.minecraft.crafting_table":9,"stat.mineBlock.minecraft.prismarine":1,"stat.useItem.zawa.large_meat_raw":1,"stat.mineBlock.minecraft.quartz_block":58,"stat.drop.comforts.sleeping_bag":1,"stat.mobKills":36,"stat.mineBlock.minecraft.log":16,"stat.deaths":4,"stat.drop.minecraft.prismarine":1,"stat.drop":106,"stat.pickup.minecraft.diamond":1,"stat.mineBlock.minecraft.leaves":2,"stat.playOneMinute":97045,"stat.pickup.minecraft.blaze_rod":1,"stat.pickup.minecraft.torch":4,"stat.killEntity.Sheep":22,"stat.drop.tombstone.grave_key":5,"stat.pickup.minecraft.red_flower":1,"stat.pickup.tombstone.grave_key":3,"stat.sneakTime":2783,"stat.craftItem.minecraft.iron_pickaxe":1,"stat.drop.minecraft.blaze_rod":1,"stat.pickup.minecraft.wool":24,"stat.drop.minecraft.iron_boots":1,"stat.drop.terraqueous.item_main":9,"stat.entityKilledBy.Blaze":1,"stat.killEntity.Zombie":3,"stat.drop.minecraft.arrow":6,"stat.pickup.zawa.care_guide":2,"stat.mineBlock.elementaldimensions.portalbase":2,"stat.craftItem.minecraft.dye":2,"stat.useItem.minecraft.wooden_axe":34,"stat.pickup.minecraft.yellow_flower":36,"stat.drop.zawa.care_guide":1,"stat.mineBlock.minecraft.stone":89,"stat.pickup.chisel.marble2":128,"stat.mineBlock.minecraft.tallgrass":14,"stat.craftItem.minecraft.cooked_mutton":31,"stat.pickup.minecraft.netherrack":1,"stat.diveOneCm":31071}