{"stat.pickup.minecraft.bone":10,"stat.pickup.betteranimalsplus.antler":6,"stat.leaveGame":12,"stat.mineBlock.minecraft.yellow_flower":9,"stat.useItem.minecraft.diamond_sword":39,"stat.useItem.minecraft.mutton":3,"stat.killEntity.PigZombie":1,"stat.swimOneCm":34287,"stat.drop.betteranimalsplus.eel_meat_raw":3,"stat.climbOneCm":3398,"stat.pickup.minecraft.glowstone_dust":1,"stat.pickup.minecraft.cooked_porkchop":5,"stat.pickup.minecraft.porkchop":10,"stat.drop.zawa.reptile_meat_raw":1,"stat.pickup.betteranimalsplus.wolf_pelt_snowy":1,"stat.useItem.minecraft.dirt":23,"stat.useItem.minecraft.stone_slab2":83,"stat.pickup.minecraft.bow":1,"stat.pickup.minecraft.iron_boots":1,"stat.pickup.minecraft.rotten_flesh":4,"stat.useItem.minecraft.egg":1,"stat.craftItem.minecraft.stone_axe":1,"stat.pickup.betteranimalsplus.deerhead_2":3,"stat.useItem.zawa.zoo_sign":4,"stat.mineBlock.zawa.dried_bamboo":1,"stat.craftItem.minecraft.stone_pickaxe":2,"stat.pickup.minecraft.cobblestone":78,"stat.useItem.zawa.bush_meat_raw":1,"stat.aviateOneCm":11846,"stat.pickup.zawa.reptile_hide":2,"stat.mineBlock.chisel.limestone2":12,"stat.craftItem.minecraft.stone_sword":2,"stat.flyOneCm":1201664,"stat.useItem.minecraft.ender_pearl":5,"stat.useItem.chisel.limestone2":1,"stat.pickup.minecraft.fish":7,"stat.killEntity.betteranimalsplus.deer":3,"stat.pickup.betteranimalsplus.eel_meat_raw":3,"stat.pickup.betteranimalsplus.wolf_pelt_black":2,"stat.mineBlock.minecraft.iron_ore":12,"stat.timeSinceDeath":59437,"stat.drop.minecraft.diamond":1,"stat.useItem.minecraft.spawn_egg":10,"stat.mineBlock.terraqueous.doodads":10,"stat.craftItem.minecraft.wooden_pickaxe":1,"stat.pickup.betteranimalsplus.bearhead_1":2,"stat.pickup.minecraft.mutton":32,"stat.craftItem.wolfarmor.diamond_wolf_armor":1,"stat.mineBlock.chisel.marble2":98,"stat.pickup.minecraft.stonebrick":3,"stat.furnaceInteraction":12,"stat.drop.minecraft.dirt":1,"stat.killEntity.Wolf":7,"stat.mineBlock.minecraft.coal_ore":2,"stat.pickup.comforts.sleeping_bag":1,"stat.mineBlock.minecraft.grass":11,"stat.pickup.minecraft.prismarine":7,"stat.pickup.minecraft.beef":27,"stat.useItem.minecraft.cooked_mutton":14,"stat.pickup.zawa.large_meat_raw":2,"stat.pickup.tombstone.crafting_ingredient":3,"stat.pickup.zawa.reptile_meat_raw":4,"stat.sprintOneCm":199098,"stat.craftItem.minecraft.stick":20,"stat.killEntity.Horse":1,"stat.mineBlock.minecraft.crafting_table":4,"stat.mineBlock.minecraft.quartz_block":9,"stat.killEntity.betteranimalsplus.walrus":2,"stat.deaths":1,"stat.drop":14,"stat.pickup.minecraft.egg":1,"stat.playOneMinute":158366,"stat.drop.tombstone.grave_key":1,"stat.killEntity.Sheep":21,"stat.pickup.tombstone.grave_key":1,"stat.killEntity.Zombie":3,"stat.pickup.zawa.care_guide":1,"stat.pickup.chisel.marble2":98,"stat.mineBlock.minecraft.tallgrass":14,"stat.diveOneCm":25883,"stat.pickup.minecraft.cooked_mutton":14,"stat.chestOpened":7,"stat.pickup.minecraft.arrow":5,"stat.pickup.betteranimalsplus.venisonraw":6,"stat.pickup.betteranimalsplus.blubber":3,"stat.useItem.minecraft.rotten_flesh":2,"stat.jump":1457,"stat.pickup.minecraft.coal":2,"stat.pickup.minecraft.iron_helmet":1,"stat.fallOneCm":24554,"stat.drop.minecraft.stone":1,"stat.pickup.betteranimalsplus.bear_skin_brown":1,"stat.useItem.minecraft.stone_axe":6,"stat.drop.minecraft.diamond_sword":1,"stat.crouchOneCm":3738,"stat.craftItem.minecraft.iron_ingot":17,"stat.pickup.minecraft.dirt":35,"stat.craftingTableInteraction":18,"stat.pickup.minecraft.iron_ore":12,"stat.mineBlock.betteranimalsplus.deerhead_2":2,"stat.drop.zawa.bamboo":1,"stat.mineBlock.minecraft.log2":1,"stat.useItem.chisel.marble2":2,"stat.pickup.minecraft.feather":80,"stat.pickup.minecraft.leather":22,"stat.damageTaken":1413,"stat.entityKilledBy.ed_guard":1,"stat.mineBlock.minecraft.torch":7,"stat.useItem.minecraft.wooden_pickaxe":21,"stat.pickup.minecraft.log2":1,"stat.pickup.chisel.limestone2":12,"stat.pickup.minecraft.bed":1,"tombstone:undead_killed":7,"stat.pickup.minecraft.wheat_seeds":2,"stat.pickup.minecraft.quartz_block":9,"stat.useItem.minecraft.stone_pickaxe":203,"stat.useItem.minecraft.stone_sword":158,"stat.craftItem.minecraft.iron_leggings":1,"stat.damageDealt":9633,"stat.pickup.zawa.dried_bamboo":1,"stat.sleepInBed":3,"stat.killEntity.Cow":14,"stat.mineBlock.minecraft.dirt":23,"stat.killEntity.Pig":6,"stat.craftItem.minecraft.iron_sword":1,"stat.useItem.minecraft.air":33,"stat.walkOneCm":268058,"stat.useItem.minecraft.torch":1,"stat.pickup.minecraft.stick":23,"stat.useItem.zawa.reptile_meat_raw":2,"stat.pickup.minecraft.crafting_table":5,"stat.useItem.minecraft.cobblestone":17,"stat.craftItem.minecraft.crafting_table":1,"stat.killEntity.betteranimalsplus.horseshoecrab":1,"stat.pickup.terraqueous.item_main":8,"stat.mineBlock.zawa.bamboo":1,"stat.pickup.minecraft.log":6,"stat.useItem.tombstone.gift":2,"stat.pickup.wolfarmor.diamond_wolf_armor":1,"stat.pickup.zawa.bamboo":1,"stat.pickup.minecraft.stone":2,"stat.craftItem.minecraft.iron_chestplate":1,"stat.pickup.minecraft.chicken":6,"stat.pickup.minecraft.sapling":1,"stat.killEntity.Skeleton":3,"stat.drop.minecraft.fish":3,"stat.mineBlock.minecraft.stonebrick":4,"stat.killEntity.betteranimalsplus.nautilus":1,"stat.craftItem.minecraft.planks":24,"stat.useItem.minecraft.iron_sword":7,"stat.killEntity.Chicken":3,"stat.pickup.minecraft.diamond_helmet":1,"stat.drop.minecraft.crafting_table":1,"stat.mineBlock.minecraft.prismarine":6,"stat.pickup.minecraft.stone_sword":1,"stat.useItem.zawa.indian_gharial":1,"stat.killEntity.betteranimalsplus.lamprey":1,"stat.mobKills":74,"stat.mineBlock.minecraft.log":6,"stat.mineBlock.betteranimalsplus.bearhead_1":1,"stat.mineBlock.minecraft.leaves":17,"stat.pickup.minecraft.torch":6,"stat.sneakTime":1715,"stat.pickup.minecraft.wool":22,"stat.killEntity.betteranimalsplus.badger":2,"stat.pickup.minecraft.yellow_flower":9,"stat.mineBlock.minecraft.stone":78}