{"stat.leaveGame":11,"stat.useItem.minecraft.diamond_sword":39,"stat.pickup.betteranimalsplus.blubber":3,"stat.jump":249,"stat.swimOneCm":9936,"stat.drop.betteranimalsplus.eel_meat_raw":3,"stat.fallOneCm":2357,"stat.climbOneCm":30,"stat.drop.minecraft.stone":1,"stat.crouchOneCm":384,"stat.pickup.betteranimalsplus.wolf_pelt_snowy":1,"stat.useItem.minecraft.stone_slab2":83,"stat.craftingTableInteraction":4,"stat.mineBlock.minecraft.log2":1,"stat.pickup.minecraft.feather":10,"stat.pickup.minecraft.leather":5,"stat.useItem.zawa.zoo_sign":4,"stat.damageTaken":63,"stat.pickup.minecraft.log2":1,"stat.aviateOneCm":8222,"stat.pickup.zawa.reptile_hide":2,"stat.flyOneCm":1021427,"stat.useItem.minecraft.ender_pearl":5,"stat.pickup.minecraft.wheat_seeds":1,"stat.pickup.minecraft.fish":3,"stat.pickup.betteranimalsplus.eel_meat_raw":3,"stat.damageDealt":2668,"stat.pickup.betteranimalsplus.wolf_pelt_black":2,"stat.timeSinceDeath":83508,"stat.killEntity.Cow":2,"stat.useItem.minecraft.spawn_egg":10,"stat.craftItem.wolfarmor.diamond_wolf_armor":1,"stat.walkOneCm":36733,"stat.useItem.zawa.reptile_meat_raw":2,"stat.drop.minecraft.dirt":1,"stat.killEntity.Wolf":7,"stat.killEntity.betteranimalsplus.horseshoecrab":1,"stat.pickup.minecraft.beef":4,"stat.pickup.wolfarmor.diamond_wolf_armor":1,"stat.pickup.minecraft.chicken":6,"stat.pickup.zawa.reptile_meat_raw":3,"stat.sprintOneCm":27018,"stat.drop.minecraft.fish":3,"stat.killEntity.Horse":1,"stat.killEntity.betteranimalsplus.nautilus":1,"stat.killEntity.Chicken":2,"stat.pickup.minecraft.diamond_helmet":1,"stat.useItem.zawa.indian_gharial":1,"stat.killEntity.betteranimalsplus.lamprey":1,"stat.mobKills":21,"stat.killEntity.betteranimalsplus.walrus":2,"stat.drop":8,"stat.mineBlock.minecraft.leaves":1,"stat.playOneMinute":83508,"stat.sneakTime":649,"stat.killEntity.betteranimalsplus.badger":2,"stat.pickup.zawa.care_guide":1,"stat.mineBlock.minecraft.tallgrass":12,"stat.diveOneCm":5020}