{"stat.walkOneCm":5254,"stat.leaveGame":3,"stat.jump":106,"stat.fallOneCm":2357,"stat.pickup.minecraft.beef":4,"stat.crouchOneCm":142,"stat.pickup.minecraft.chicken":2,"stat.sprintOneCm":14696,"stat.killEntity.Chicken":2,"stat.mineBlock.minecraft.log2":1,"stat.pickup.minecraft.feather":2,"stat.pickup.minecraft.leather":2,"stat.mobKills":4,"stat.pickup.minecraft.log2":1,"stat.flyOneCm":22312,"stat.pickup.minecraft.wheat_seeds":1,"stat.mineBlock.minecraft.leaves":1,"stat.playOneMinute":4923,"stat.sneakTime":13,"stat.damageDealt":280,"stat.timeSinceDeath":4923,"stat.killEntity.Cow":2,"stat.mineBlock.minecraft.tallgrass":10}