{"stat.walkOneCm":8400,"stat.leaveGame":6,"stat.drop.minecraft.dirt":1,"stat.jump":121,"stat.swimOneCm":405,"stat.fallOneCm":2357,"stat.climbOneCm":30,"stat.pickup.minecraft.beef":4,"stat.drop.minecraft.stone":1,"stat.crouchOneCm":182,"stat.pickup.minecraft.chicken":2,"stat.sprintOneCm":18008,"stat.useItem.minecraft.stone_slab2":61,"stat.killEntity.Chicken":2,"stat.mineBlock.minecraft.log2":1,"stat.pickup.minecraft.feather":2,"stat.pickup.minecraft.leather":2,"stat.mobKills":4,"stat.pickup.minecraft.log2":1,"stat.flyOneCm":258183,"stat.pickup.minecraft.wheat_seeds":1,"stat.drop":2,"stat.mineBlock.minecraft.leaves":1,"stat.playOneMinute":40095,"stat.sneakTime":184,"stat.damageDealt":456,"stat.timeSinceDeath":40095,"stat.killEntity.Cow":2,"stat.mineBlock.minecraft.tallgrass":10,"stat.diveOneCm":1093}