{"stat.chestOpened":1,"stat.pickup.minecraft.bone":7,"stat.leaveGame":11,"stat.pickup.minecraft.arrow":4,"stat.useItem.minecraft.diamond_sword":39,"stat.pickup.betteranimalsplus.blubber":3,"stat.jump":640,"stat.swimOneCm":13168,"stat.drop.betteranimalsplus.eel_meat_raw":3,"stat.fallOneCm":8982,"stat.climbOneCm":587,"stat.drop.minecraft.stone":1,"stat.useItem.minecraft.stone_axe":1,"stat.drop.minecraft.diamond_sword":1,"stat.crouchOneCm":402,"stat.pickup.betteranimalsplus.wolf_pelt_snowy":1,"stat.pickup.minecraft.dirt":3,"stat.useItem.minecraft.dirt":2,"stat.useItem.minecraft.stone_slab2":83,"stat.craftingTableInteraction":8,"stat.pickup.minecraft.rotten_flesh":2,"stat.useItem.minecraft.egg":1,"stat.craftItem.minecraft.stone_axe":1,"stat.mineBlock.minecraft.log2":1,"stat.pickup.minecraft.feather":80,"stat.pickup.minecraft.leather":8,"stat.useItem.zawa.zoo_sign":4,"stat.damageTaken":499,"stat.mineBlock.zawa.dried_bamboo":1,"stat.entityKilledBy.ed_guard":1,"stat.craftItem.minecraft.stone_pickaxe":1,"stat.mineBlock.minecraft.torch":1,"stat.useItem.minecraft.wooden_pickaxe":21,"stat.pickup.minecraft.cobblestone":21,"stat.useItem.zawa.bush_meat_raw":1,"stat.pickup.minecraft.log2":1,"stat.aviateOneCm":11846,"stat.pickup.zawa.reptile_hide":2,"stat.craftItem.minecraft.stone_sword":1,"stat.flyOneCm":1143757,"stat.pickup.minecraft.bed":1,"stat.useItem.minecraft.ender_pearl":5,"tombstone:undead_killed":4,"stat.pickup.minecraft.wheat_seeds":2,"stat.pickup.minecraft.fish":3,"stat.pickup.betteranimalsplus.eel_meat_raw":3,"stat.useItem.minecraft.stone_sword":13,"stat.damageDealt":3522,"stat.pickup.zawa.dried_bamboo":1,"stat.pickup.betteranimalsplus.wolf_pelt_black":2,"stat.sleepInBed":1,"stat.timeSinceDeath":9779,"stat.killEntity.Cow":2,"stat.mineBlock.minecraft.dirt":1,"stat.useItem.minecraft.spawn_egg":10,"stat.mineBlock.terraqueous.doodads":1,"stat.craftItem.minecraft.wooden_pickaxe":1,"stat.pickup.minecraft.mutton":1,"stat.useItem.minecraft.air":9,"stat.craftItem.wolfarmor.diamond_wolf_armor":1,"stat.walkOneCm":107700,"stat.useItem.zawa.reptile_meat_raw":2,"stat.pickup.minecraft.crafting_table":4,"stat.craftItem.minecraft.crafting_table":1,"stat.drop.minecraft.dirt":1,"stat.killEntity.Wolf":7,"stat.killEntity.betteranimalsplus.horseshoecrab":1,"stat.pickup.terraqueous.item_main":2,"stat.pickup.minecraft.log":6,"stat.pickup.comforts.sleeping_bag":1,"stat.mineBlock.minecraft.grass":2,"stat.pickup.minecraft.beef":4,"stat.useItem.tombstone.gift":2,"stat.pickup.wolfarmor.diamond_wolf_armor":1,"stat.pickup.tombstone.crafting_ingredient":2,"stat.pickup.minecraft.chicken":6,"stat.pickup.zawa.reptile_meat_raw":3,"stat.pickup.minecraft.sapling":1,"stat.sprintOneCm":88994,"stat.craftItem.minecraft.stick":20,"stat.killEntity.Skeleton":1,"stat.drop.minecraft.fish":3,"stat.killEntity.Horse":1,"stat.killEntity.betteranimalsplus.nautilus":1,"stat.craftItem.minecraft.planks":24,"stat.killEntity.Chicken":3,"stat.pickup.minecraft.diamond_helmet":1,"stat.drop.minecraft.crafting_table":1,"stat.mineBlock.minecraft.crafting_table":3,"stat.useItem.zawa.indian_gharial":1,"stat.killEntity.betteranimalsplus.lamprey":1,"stat.mobKills":26,"stat.killEntity.betteranimalsplus.walrus":2,"stat.mineBlock.minecraft.log":6,"stat.deaths":1,"stat.drop":11,"stat.mineBlock.minecraft.leaves":15,"stat.pickup.minecraft.egg":1,"stat.playOneMinute":108708,"stat.pickup.minecraft.torch":1,"stat.drop.tombstone.grave_key":1,"stat.pickup.tombstone.grave_key":1,"stat.sneakTime":744,"stat.pickup.minecraft.wool":1,"stat.killEntity.betteranimalsplus.badger":2,"stat.killEntity.Zombie":3,"stat.pickup.zawa.care_guide":1,"stat.mineBlock.minecraft.stone":21,"stat.mineBlock.minecraft.tallgrass":13,"stat.diveOneCm":9897}