{"stat.walkOneCm":8965,"stat.leaveGame":8,"stat.drop.minecraft.dirt":1,"stat.jump":122,"stat.swimOneCm":504,"stat.fallOneCm":2357,"stat.climbOneCm":30,"stat.pickup.minecraft.beef":4,"stat.drop.minecraft.stone":1,"stat.crouchOneCm":182,"stat.pickup.minecraft.chicken":2,"stat.sprintOneCm":18765,"stat.useItem.minecraft.stone_slab2":61,"stat.killEntity.Chicken":2,"stat.mineBlock.minecraft.log2":1,"stat.pickup.minecraft.feather":2,"stat.pickup.minecraft.leather":2,"stat.mobKills":4,"stat.pickup.minecraft.log2":1,"stat.aviateOneCm":2513,"stat.flyOneCm":652001,"stat.useItem.minecraft.ender_pearl":5,"stat.pickup.minecraft.wheat_seeds":1,"stat.drop":2,"stat.mineBlock.minecraft.leaves":1,"stat.playOneMinute":53226,"stat.sneakTime":305,"stat.damageDealt":456,"stat.timeSinceDeath":53226,"stat.killEntity.Cow":2,"stat.useItem.minecraft.spawn_egg":1,"stat.mineBlock.minecraft.tallgrass":10,"stat.diveOneCm":1093}