{"stat.pickup.minecraft.bone":12,"stat.pickup.betteranimalsplus.antler":6,"stat.leaveGame":13,"stat.mineBlock.minecraft.cobblestone":26,"stat.mineBlock.minecraft.yellow_flower":9,"stat.pickup.tombstone.familiar_stone":3,"stat.killEntity.Blaze":24,"stat.useItem.minecraft.diamond_sword":39,"stat.drop.zawa.large_meat_cooked":1,"stat.useItem.minecraft.mutton":3,"stat.killEntity.PigZombie":7,"stat.swimOneCm":55385,"stat.drop.betteranimalsplus.eel_meat_raw":3,"stat.climbOneCm":4226,"stat.drop.minecraft.cobblestone":10,"stat.pickup.minecraft.glowstone_dust":1,"stat.pickup.minecraft.cooked_porkchop":10,"stat.pickup.minecraft.porkchop":10,"stat.drop.zawa.reptile_meat_raw":1,"stat.pickup.betteranimalsplus.wolf_pelt_snowy":1,"stat.useItem.minecraft.dirt":24,"stat.useItem.minecraft.stone_slab2":83,"stat.pickup.minecraft.bow":1,"stat.pickup.minecraft.iron_boots":1,"stat.mineBlock.minecraft.stone_brick_stairs":1,"stat.pickup.minecraft.rotten_flesh":41,"stat.craftItem.minecraft.furnace":1,"stat.useItem.minecraft.egg":1,"stat.craftItem.minecraft.stone_axe":1,"stat.pickup.betteranimalsplus.deerhead_2":3,"stat.useItem.zawa.zoo_sign":4,"stat.mineBlock.zawa.dried_bamboo":1,"stat.pickup.minecraft.cobblestone_wall":1,"stat.craftItem.minecraft.stone_pickaxe":3,"stat.craftItem.minecraft.cooked_beef":2,"stat.pickup.minecraft.cobblestone":155,"stat.useItem.zawa.bush_meat_raw":1,"stat.aviateOneCm":11846,"stat.pickup.zawa.reptile_hide":2,"stat.mineBlock.chisel.limestone2":15,"stat.craftItem.minecraft.stone_sword":2,"stat.flyOneCm":1326327,"stat.useItem.minecraft.ender_pearl":5,"stat.useItem.chisel.limestone2":10,"stat.pickup.minecraft.fish":7,"stat.killEntity.betteranimalsplus.deer":3,"stat.useItem.minecraft.cooked_beef":2,"stat.pickup.betteranimalsplus.eel_meat_raw":3,"stat.pickup.betteranimalsplus.wolf_pelt_black":2,"stat.mineBlock.minecraft.iron_ore":12,"stat.timeSinceDeath":9458,"stat.drop.minecraft.diamond":1,"stat.useItem.minecraft.spawn_egg":10,"stat.mineBlock.terraqueous.doodads":12,"stat.craftItem.minecraft.wooden_pickaxe":1,"stat.pickup.betteranimalsplus.bearhead_1":2,"stat.pickup.minecraft.mutton":32,"stat.drop.minecraft.cooked_mutton":4,"stat.killEntity.Bat":1,"stat.craftItem.wolfarmor.diamond_wolf_armor":1,"stat.trappedChestTriggered":3,"stat.mineBlock.chisel.marble2":99,"stat.pickup.minecraft.stonebrick":27,"stat.furnaceInteraction":28,"stat.drop.minecraft.dirt":1,"stat.killEntity.Wolf":7,"stat.useItem.minecraft.cooked_porkchop":10,"stat.mineBlock.minecraft.coal_ore":8,"stat.killEntity.Creeper":1,"stat.pickup.comforts.sleeping_bag":2,"stat.mineBlock.minecraft.grass":13,"stat.pickup.minecraft.prismarine":7,"stat.pickup.minecraft.beef":27,"stat.useItem.minecraft.cooked_mutton":33,"stat.pickup.zawa.large_meat_raw":2,"stat.pickup.tombstone.crafting_ingredient":6,"stat.pickup.zawa.reptile_meat_raw":4,"stat.sprintOneCm":324460,"stat.craftItem.minecraft.stick":20,"stat.killEntity.Horse":1,"stat.mineBlock.minecraft.crafting_table":4,"stat.mineBlock.minecraft.quartz_block":9,"stat.killEntity.betteranimalsplus.walrus":2,"stat.useItem.minecraft.beef":8,"stat.useItem.betteranimalsplus.venisonraw":4,"stat.deaths":8,"stat.drop":52,"stat.pickup.minecraft.egg":1,"stat.playOneMinute":222055,"stat.pickup.minecraft.blaze_rod":15,"stat.drop.tombstone.grave_key":3,"stat.killEntity.Sheep":21,"stat.pickup.tombstone.grave_key":3,"stat.drop.terraqueous.item_main":3,"stat.killEntity.Zombie":26,"stat.pickup.zawa.care_guide":1,"stat.drop.minecraft.bread":14,"stat.pickup.chisel.marble2":99,"stat.mineBlock.minecraft.tallgrass":14,"stat.craftItem.minecraft.cooked_mutton":23,"stat.diveOneCm":43145,"stat.pickup.minecraft.cooked_mutton":14,"stat.chestOpened":7,"stat.useItem.minecraft.fish":2,"stat.useItem.minecraft.stone":25,"stat.pickup.minecraft.arrow":6,"stat.pickup.betteranimalsplus.venisonraw":6,"stat.entityKilledBy.camocreepers:CamoCreeper":1,"stat.pickup.minecraft.gold_nugget":2,"stat.pickup.betteranimalsplus.blubber":3,"stat.useItem.minecraft.rotten_flesh":2,"stat.jump":2316,"stat.pickup.minecraft.coal":6,"stat.pickup.minecraft.iron_helmet":1,"stat.fallOneCm":40606,"stat.drop.minecraft.stone":1,"stat.pickup.betteranimalsplus.bear_skin_brown":1,"stat.useItem.minecraft.stone_axe":6,"stat.drop.minecraft.diamond_sword":1,"stat.crouchOneCm":7386,"stat.craftItem.minecraft.iron_ingot":17,"stat.pickup.minecraft.dirt":38,"stat.craftingTableInteraction":22,"stat.pickup.minecraft.iron_ore":12,"stat.mineBlock.betteranimalsplus.deerhead_2":2,"stat.drop.zawa.bamboo":1,"stat.mineBlock.minecraft.log2":1,"stat.useItem.chisel.marble2":2,"stat.pickup.minecraft.feather":80,"stat.pickup.minecraft.leather":22,"stat.damageTaken":6583,"stat.entityKilledBy.ed_guard":1,"stat.mineBlock.minecraft.torch":11,"stat.useItem.minecraft.wooden_pickaxe":21,"stat.pickup.minecraft.log2":1,"stat.pickup.minecraft.planks":1,"stat.pickup.chisel.limestone2":15,"stat.pickup.minecraft.bed":1,"tombstone:undead_killed":39,"stat.pickup.minecraft.wheat_seeds":2,"stat.pickup.minecraft.quartz_block":9,"stat.useItem.minecraft.stone_pickaxe":318,"stat.useItem.minecraft.stone_sword":226,"stat.craftItem.minecraft.iron_leggings":1,"stat.damageDealt":24626,"stat.pickup.zawa.dried_bamboo":1,"stat.sleepInBed":4,"stat.killEntity.Silverfish":69,"stat.killEntity.Cow":14,"stat.mineBlock.minecraft.dirt":24,"stat.killEntity.Pig":6,"stat.craftItem.minecraft.iron_sword":1,"stat.useItem.minecraft.air":48,"stat.mineBlock.minecraft.monster_egg":3,"stat.walkOneCm":518200,"stat.useItem.minecraft.torch":7,"stat.useItem.minecraft.bread":3,"stat.pickup.minecraft.stick":23,"stat.useItem.zawa.reptile_meat_raw":2,"stat.pickup.minecraft.crafting_table":5,"stat.useItem.minecraft.cobblestone":116,"stat.craftItem.minecraft.crafting_table":1,"stat.killEntity.betteranimalsplus.horseshoecrab":1,"stat.pickup.terraqueous.item_main":25,"stat.mineBlock.zawa.bamboo":1,"stat.pickup.minecraft.log":6,"stat.craftItem.zawa.large_meat_cooked":2,"stat.useItem.tombstone.gift":2,"stat.pickup.wolfarmor.diamond_wolf_armor":1,"stat.pickup.zawa.bamboo":1,"stat.pickup.minecraft.stone":33,"stat.drop.minecraft.planks":1,"stat.craftItem.minecraft.iron_chestplate":1,"stat.pickup.minecraft.chicken":6,"stat.pickup.minecraft.sapling":1,"stat.useItem.zawa.large_meat_cooked":1,"stat.killEntity.Skeleton":6,"stat.drop.minecraft.fish":3,"stat.mineBlock.minecraft.stonebrick":26,"stat.killEntity.betteranimalsplus.nautilus":1,"stat.craftItem.minecraft.planks":24,"stat.useItem.minecraft.iron_sword":291,"stat.killEntity.Chicken":3,"stat.pickup.minecraft.diamond_helmet":1,"stat.drop.minecraft.crafting_table":1,"stat.mineBlock.minecraft.prismarine":6,"stat.pickup.minecraft.stone_sword":2,"stat.pickup.minecraft.bread":17,"stat.useItem.zawa.indian_gharial":1,"stat.killEntity.betteranimalsplus.lamprey":1,"stat.mobKills":206,"stat.useItem.minecraft.stonebrick":4,"stat.mineBlock.minecraft.log":6,"stat.mineBlock.betteranimalsplus.bearhead_1":1,"stat.mineBlock.minecraft.leaves":17,"stat.pickup.minecraft.torch":18,"stat.sneakTime":3971,"stat.pickup.minecraft.wool":22,"stat.mineBlock.minecraft.cobblestone_wall":1,"stat.entityKilledBy.Blaze":6,"stat.drop.minecraft.beef":3,"stat.killEntity.betteranimalsplus.badger":2,"stat.useItem.minecraft.baked_potato":18,"stat.pickup.minecraft.yellow_flower":9,"stat.mineBlock.minecraft.stone":125}