{"stat.chestOpened":6,"stat.pickup.minecraft.bone":10,"stat.pickup.betteranimalsplus.antler":6,"stat.leaveGame":11,"stat.pickup.minecraft.arrow":5,"stat.mineBlock.minecraft.yellow_flower":9,"stat.pickup.betteranimalsplus.venisonraw":6,"stat.useItem.minecraft.diamond_sword":39,"stat.pickup.betteranimalsplus.blubber":3,"stat.useItem.minecraft.rotten_flesh":2,"stat.jump":1325,"stat.swimOneCm":30115,"stat.drop.betteranimalsplus.eel_meat_raw":3,"stat.pickup.minecraft.coal":1,"stat.fallOneCm":20903,"stat.climbOneCm":3004,"stat.drop.minecraft.stone":1,"stat.pickup.betteranimalsplus.bear_skin_brown":1,"stat.pickup.minecraft.glowstone_dust":1,"stat.pickup.minecraft.cooked_porkchop":5,"stat.useItem.minecraft.stone_axe":6,"stat.drop.minecraft.diamond_sword":1,"stat.pickup.minecraft.porkchop":10,"stat.drop.zawa.reptile_meat_raw":1,"stat.crouchOneCm":625,"stat.pickup.betteranimalsplus.wolf_pelt_snowy":1,"stat.craftItem.minecraft.iron_ingot":17,"stat.pickup.minecraft.dirt":27,"stat.useItem.minecraft.dirt":14,"stat.useItem.minecraft.stone_slab2":83,"stat.pickup.minecraft.bow":1,"stat.craftingTableInteraction":18,"stat.pickup.minecraft.iron_ore":12,"stat.pickup.minecraft.rotten_flesh":4,"stat.mineBlock.betteranimalsplus.deerhead_2":2,"stat.drop.zawa.bamboo":1,"stat.useItem.minecraft.egg":1,"stat.craftItem.minecraft.stone_axe":1,"stat.pickup.betteranimalsplus.deerhead_2":3,"stat.mineBlock.minecraft.log2":1,"stat.useItem.chisel.marble2":1,"stat.pickup.minecraft.feather":80,"stat.pickup.minecraft.leather":22,"stat.useItem.zawa.zoo_sign":4,"stat.damageTaken":1174,"stat.mineBlock.zawa.dried_bamboo":1,"stat.entityKilledBy.ed_guard":1,"stat.craftItem.minecraft.stone_pickaxe":2,"stat.mineBlock.minecraft.torch":4,"stat.useItem.minecraft.wooden_pickaxe":21,"stat.pickup.minecraft.cobblestone":76,"stat.useItem.zawa.bush_meat_raw":1,"stat.pickup.minecraft.log2":1,"stat.aviateOneCm":11846,"stat.pickup.zawa.reptile_hide":2,"stat.mineBlock.chisel.limestone2":12,"stat.craftItem.minecraft.stone_sword":2,"stat.pickup.chisel.limestone2":12,"stat.flyOneCm":1186362,"stat.pickup.minecraft.bed":1,"stat.useItem.minecraft.ender_pearl":5,"tombstone:undead_killed":6,"stat.pickup.minecraft.wheat_seeds":2,"stat.useItem.chisel.limestone2":1,"stat.pickup.minecraft.fish":7,"stat.killEntity.betteranimalsplus.deer":3,"stat.useItem.minecraft.stone_pickaxe":156,"stat.pickup.betteranimalsplus.eel_meat_raw":3,"stat.useItem.minecraft.stone_sword":158,"stat.craftItem.minecraft.iron_leggings":1,"stat.damageDealt":9350,"stat.pickup.zawa.dried_bamboo":1,"stat.pickup.betteranimalsplus.wolf_pelt_black":2,"stat.mineBlock.minecraft.iron_ore":12,"stat.sleepInBed":3,"stat.timeSinceDeath":47579,"stat.killEntity.Cow":14,"stat.mineBlock.minecraft.dirt":17,"stat.useItem.minecraft.spawn_egg":10,"stat.mineBlock.terraqueous.doodads":9,"stat.craftItem.minecraft.wooden_pickaxe":1,"stat.killEntity.Pig":6,"stat.pickup.betteranimalsplus.bearhead_1":2,"stat.pickup.minecraft.mutton":32,"stat.craftItem.minecraft.iron_sword":1,"stat.useItem.minecraft.air":26,"stat.craftItem.wolfarmor.diamond_wolf_armor":1,"stat.walkOneCm":248327,"stat.useItem.minecraft.torch":1,"stat.pickup.minecraft.stick":21,"stat.useItem.zawa.reptile_meat_raw":2,"stat.mineBlock.chisel.marble2":68,"stat.pickup.minecraft.crafting_table":5,"stat.useItem.minecraft.cobblestone":8,"stat.craftItem.minecraft.crafting_table":1,"stat.furnaceInteraction":12,"stat.drop.minecraft.dirt":1,"stat.killEntity.Wolf":7,"stat.mineBlock.minecraft.coal_ore":1,"stat.killEntity.betteranimalsplus.horseshoecrab":1,"stat.pickup.terraqueous.item_main":8,"stat.mineBlock.zawa.bamboo":1,"stat.pickup.minecraft.log":6,"stat.pickup.comforts.sleeping_bag":1,"stat.mineBlock.minecraft.grass":9,"stat.pickup.minecraft.prismarine":7,"stat.pickup.minecraft.beef":27,"stat.useItem.tombstone.gift":2,"stat.useItem.minecraft.cooked_mutton":14,"stat.pickup.zawa.large_meat_raw":2,"stat.pickup.wolfarmor.diamond_wolf_armor":1,"stat.pickup.tombstone.crafting_ingredient":3,"stat.pickup.zawa.bamboo":1,"stat.pickup.minecraft.stone":1,"stat.craftItem.minecraft.iron_chestplate":1,"stat.pickup.minecraft.chicken":6,"stat.pickup.zawa.reptile_meat_raw":4,"stat.pickup.minecraft.sapling":1,"stat.sprintOneCm":172324,"stat.craftItem.minecraft.stick":20,"stat.killEntity.Skeleton":3,"stat.drop.minecraft.fish":3,"stat.killEntity.Horse":1,"stat.killEntity.betteranimalsplus.nautilus":1,"stat.craftItem.minecraft.planks":24,"stat.killEntity.Chicken":3,"stat.pickup.minecraft.diamond_helmet":1,"stat.drop.minecraft.crafting_table":1,"stat.mineBlock.minecraft.crafting_table":4,"stat.mineBlock.minecraft.prismarine":6,"stat.pickup.minecraft.stone_sword":1,"stat.useItem.zawa.indian_gharial":1,"stat.killEntity.betteranimalsplus.lamprey":1,"stat.mobKills":73,"stat.killEntity.betteranimalsplus.walrus":2,"stat.mineBlock.minecraft.log":6,"stat.deaths":1,"stat.mineBlock.betteranimalsplus.bearhead_1":1,"stat.drop":13,"stat.mineBlock.minecraft.leaves":17,"stat.pickup.minecraft.egg":1,"stat.playOneMinute":146508,"stat.pickup.minecraft.torch":4,"stat.drop.tombstone.grave_key":1,"stat.killEntity.Sheep":21,"stat.pickup.tombstone.grave_key":1,"stat.sneakTime":1067,"stat.pickup.minecraft.wool":22,"stat.killEntity.betteranimalsplus.badger":2,"stat.killEntity.Zombie":3,"stat.pickup.zawa.care_guide":1,"stat.pickup.minecraft.yellow_flower":9,"stat.mineBlock.minecraft.stone":75,"stat.pickup.chisel.marble2":68,"stat.mineBlock.minecraft.tallgrass":14,"stat.diveOneCm":25463,"stat.pickup.minecraft.cooked_mutton":14}