{"stat.chestOpened":1,"stat.leaveGame":11,"stat.useItem.minecraft.diamond_sword":39,"stat.pickup.betteranimalsplus.blubber":3,"stat.jump":339,"stat.swimOneCm":10216,"stat.drop.betteranimalsplus.eel_meat_raw":3,"stat.fallOneCm":4935,"stat.climbOneCm":587,"stat.drop.minecraft.stone":1,"stat.drop.minecraft.diamond_sword":1,"stat.crouchOneCm":384,"stat.pickup.betteranimalsplus.wolf_pelt_snowy":1,"stat.pickup.minecraft.dirt":3,"stat.useItem.minecraft.dirt":2,"stat.useItem.minecraft.stone_slab2":83,"stat.craftingTableInteraction":4,"stat.useItem.minecraft.egg":1,"stat.mineBlock.minecraft.log2":1,"stat.pickup.minecraft.feather":45,"stat.pickup.minecraft.leather":5,"stat.useItem.zawa.zoo_sign":4,"stat.damageTaken":203,"stat.mineBlock.zawa.dried_bamboo":1,"stat.pickup.minecraft.log2":1,"stat.aviateOneCm":11846,"stat.pickup.zawa.reptile_hide":2,"stat.flyOneCm":1105013,"stat.useItem.minecraft.ender_pearl":5,"tombstone:undead_killed":1,"stat.pickup.minecraft.wheat_seeds":1,"stat.pickup.minecraft.fish":3,"stat.pickup.betteranimalsplus.eel_meat_raw":3,"stat.damageDealt":2908,"stat.pickup.zawa.dried_bamboo":1,"stat.pickup.betteranimalsplus.wolf_pelt_black":2,"stat.timeSinceDeath":96108,"stat.killEntity.Cow":2,"stat.mineBlock.minecraft.dirt":1,"stat.useItem.minecraft.spawn_egg":10,"stat.mineBlock.terraqueous.doodads":1,"stat.useItem.minecraft.air":2,"stat.craftItem.wolfarmor.diamond_wolf_armor":1,"stat.walkOneCm":56759,"stat.useItem.zawa.reptile_meat_raw":2,"stat.drop.minecraft.dirt":1,"stat.killEntity.Wolf":7,"stat.killEntity.betteranimalsplus.horseshoecrab":1,"stat.pickup.terraqueous.item_main":2,"stat.pickup.minecraft.log":6,"stat.mineBlock.minecraft.grass":2,"stat.pickup.minecraft.beef":4,"stat.pickup.wolfarmor.diamond_wolf_armor":1,"stat.pickup.tombstone.crafting_ingredient":1,"stat.pickup.minecraft.chicken":6,"stat.pickup.zawa.reptile_meat_raw":3,"stat.sprintOneCm":43561,"stat.drop.minecraft.fish":3,"stat.killEntity.Horse":1,"stat.killEntity.betteranimalsplus.nautilus":1,"stat.killEntity.Chicken":3,"stat.pickup.minecraft.diamond_helmet":1,"stat.useItem.zawa.indian_gharial":1,"stat.killEntity.betteranimalsplus.lamprey":1,"stat.mobKills":23,"stat.killEntity.betteranimalsplus.walrus":2,"stat.mineBlock.minecraft.log":6,"stat.drop":9,"stat.mineBlock.minecraft.leaves":1,"stat.pickup.minecraft.egg":1,"stat.playOneMinute":96108,"stat.sneakTime":687,"stat.killEntity.betteranimalsplus.badger":2,"stat.killEntity.Zombie":1,"stat.pickup.zawa.care_guide":1,"stat.mineBlock.minecraft.tallgrass":13,"stat.diveOneCm":5020}